{"cameraMode":{"drawMode":0,"name":"Shaded","section":"Shading Mode"},"sceneLighting":false,"audioPlay":false,"sceneViewState":{"showFog":true,"showMaterialUpdate":false,"showSkybox":false,"showFlares":true,"showImageEffects":true,"showParticleSystems":true},"in2DMode":false,"pivot":{"x":-5.364418029785156e-7,"y":0.32329797744750979,"z":1.1920928955078126e-7},"rotation":{"x":0.09593002498149872,"y":-0.3693033456802368,"z":0.038359999656677249,"w":0.9235484004020691},"size":1.2932536602020264,"orthographic":true}