{"cameraMode":{"drawMode":0,"name":"Shaded","section":"Shading Mode"},"sceneLighting":false,"audioPlay":false,"sceneViewState":{"showFog":true,"showMaterialUpdate":false,"showSkybox":false,"showFlares":true,"showImageEffects":true,"showParticleSystems":true},"in2DMode":false,"pivot":{"x":-3.5625,"y":8.878979682922364,"z":-22.402965545654298},"rotation":{"x":0.09593002498149872,"y":-0.3693033456802368,"z":0.038359999656677249,"w":0.9235484004020691},"size":36.43854904174805,"orthographic":true}