{"cameraMode":{"drawMode":0,"name":"Shaded","section":"Shading Mode"},"sceneLighting":false,"audioPlay":false,"sceneViewState":{"showFog":true,"showMaterialUpdate":false,"showSkybox":false,"showFlares":true,"showImageEffects":true,"showParticleSystems":true},"in2DMode":false,"pivot":{"x":-0.2827130854129791,"y":0.6900634765625,"z":-0.09383151680231095},"rotation":{"x":0.17838642001152039,"y":0.023612624034285547,"z":-0.004281932022422552,"w":0.9836687445640564},"size":0.406086802482605,"orthographic":true}